id_tech,id_car,cost_repair,date_repair_starts,
T014,C0606,1419,2016-04-23,
T090,C0137,1500,2017-05-21,
T007,C0833,1585,2012-04-13,
T056,C0286,821,2015-07-05,
T030,C0465,856,2012-07-17,
T056,C0483,1360,2014-07-01,
T067,C0316,1419,2016-06-14,
T092,C0058,803,2010-07-28,
T099,C0118,1523,2016-10-24,
T012,C0442,1248,2015-01-15,
T035,C0018,1554,2013-08-14,
T016,C0610,472,2013-09-05,
T083,C0137,757,2016-04-30,
T032,C0660,1792,2016-11-23,
T046,C0904,398,2015-08-04,
T029,C0270,437,2011-08-20,
T075,C0152,814,2012-05-11,
T022,C0101,323,2015-08-27,
T029,C0985,316,2015-06-14,
T086,C0233,206,2015-12-25,
T057,C0066,1955,2011-01-07,
T096,C0326,628,2015-01-30,
T088,C0517,285,2014-02-22,
T057,C0897,1861,2011-01-18,
T052,C0092,1812,2014-10-25,
T030,C0366,288,2014-10-26,
T080,C0100,1599,2014-10-27,
T002,C0305,335,2014-10-28,
T026,C0210,1015,2014-10-29,
T030,C0477,1436,2011-06-09,
T085,C0408,818,2013-03-05,
T049,C0456,249,2016-01-07,
T051,C0267,1662,2014-03-18,
T053,C0980,316,2013-10-17,
T073,C0556,1560,2016-04-12,
T077,C0078,602,2012-01-10,
T083,C0867,1171,2014-04-18,
T092,C0906,1889,2017-05-07,
T010,C0614,969,2013-06-14,
T032,C0937,1896,2014-08-17,
T000,C0825,1818,2013-11-04,
T062,C0534,1869,2014-02-20,
T088,C0800,255,2014-12-04,
T015,C0660,823,2011-08-11,
T052,C0691,1934,2013-09-06,
T058,C0890,1988,2013-08-06,
T077,C0532,1408,2016-01-26,
T036,C0043,998,2013-11-23,
T045,C0496,561,2012-07-03,
T031,C0820,1823,2014-11-13,
T001,C0619,1479,2012-02-13,
T095,C0656,273,2013-03-28,
T027,C0827,1759,2010-07-11,
T033,C0876,1281,2015-11-14,
T002,C0906,596,2016-10-09,
T001,C0079,1724,2012-08-10,
T062,C0073,1524,2016-06-23,
T007,C0034,549,2010-07-07,
T079,C0025,929,2013-05-04,
T067,C0625,1186,2011-07-29,
T091,C0690,1313,2012-06-21,
T029,C0639,1423,2010-09-29,
T062,C0212,1478,2011-10-02,
T030,C0271,1972,2010-07-26,
T080,C0823,537,2013-10-05,
T004,C0209,1456,2014-07-13,
T062,C0613,1297,2016-06-29,
T053,C0491,1340,2015-01-09,
T091,C0280,1923,2015-04-07,
T088,C0747,1536,2015-04-24,
T083,C0162,447,2011-07-30,
T062,C0911,1688,2015-10-31,
T070,C0161,714,2012-01-02,
T031,C0603,231,2013-04-24,
T099,C0651,587,2016-01-31,
T028,C0536,1217,2012-09-19,
T078,C0566,1184,2016-10-12,
T076,C0362,957,2012-07-03,
T077,C0433,281,2016-08-30,
T075,C0747,485,2015-02-05,
T084,C0993,1458,2012-08-18,
T098,C0114,1900,2016-01-26,
T064,C0431,752,2015-08-20,
T087,C0184,882,2016-09-22,
T053,C0577,1376,2013-12-27,
T047,C0350,1495,2012-05-15,
T099,C0658,1809,2015-07-14,
T097,C0386,600,2016-11-30,
T030,C0932,1927,2013-09-06,
T033,C0533,1601,2010-09-03,
T031,C0434,1863,2014-04-05,
T043,C0968,1645,2013-06-01,
T091,C0273,905,2014-05-14,
T062,C0029,691,2015-04-03,
T097,C0062,572,2011-06-17,
T036,C0729,972,2014-05-16,
T045,C0332,285,2012-06-17,
T003,C0370,1111,2015-04-30,
T024,C0906,1405,2012-11-13,
T095,C0942,1245,2017-02-05,
T027,C0642,1944,2013-12-16,
T043,C0033,1338,2014-03-30,
T041,C0053,1498,2011-08-23,
T019,C0970,1782,2016-11-22,
T062,C0642,1240,2011-02-26,
T031,C0422,687,2016-04-07,
T081,C0898,1407,2013-07-21,
T011,C0606,1519,2012-04-15,
T097,C0667,1303,2011-01-18,
T046,C0158,426,2013-10-28,
T092,C0273,957,2014-11-25,
T085,C0025,1785,2016-02-19,
T079,C0012,1892,2011-11-19,
T003,C0582,1867,2015-08-01,
T019,C0547,976,2010-12-03,
T080,C0950,1064,2012-04-08,
T020,C0249,235,2015-02-06,
T007,C0918,602,2015-02-24,
T096,C0467,992,2016-08-04,
T073,C0962,1129,2016-03-04,
T063,C0543,1886,2010-06-02,
T014,C0920,348,2013-06-14,
T008,C0591,1649,2015-11-09,
T022,C0928,1239,2015-11-05,
T029,C0571,847,2017-05-03,
T043,C0505,1861,2016-03-25,
T015,C0529,1159,2014-06-21,
T020,C0118,1685,2014-10-13,
T029,C0846,503,2010-08-24,
T064,C0963,1864,2011-09-09,
T061,C0142,583,2017-05-02,
T024,C0711,966,2013-11-13,
T081,C0893,731,2013-07-18,
T052,C0696,211,2017-04-23,
T009,C0912,295,2015-01-15,
T044,C0781,1348,2013-10-29,
T009,C0648,1330,2012-10-14,
T090,C0071,788,2016-11-17,
T034,C0274,702,2013-01-17,
T037,C0635,1788,2015-03-04,
T074,C0444,636,2014-03-25,
T038,C0077,1299,2012-12-20,
T066,C0091,980,2012-12-27,
T023,C0117,300,2015-08-30,
T000,C0885,499,2016-08-21,
T087,C0295,505,2011-11-21,
T066,C0337,844,2012-04-22,
T027,C0055,553,2013-10-15,
T052,C0238,1805,2010-09-24,
T022,C0499,1408,2016-05-16,
T005,C0927,1417,2011-09-30,
T094,C0362,317,2010-09-12,
T049,C0111,1878,2013-06-03,
T088,C0048,1781,2016-10-18,
T013,C0766,465,2017-05-09,
T093,C0611,1415,2012-02-21,
T022,C0446,1583,2014-09-12,
T028,C0975,1386,2011-04-30,
T072,C0326,1839,2012-07-19,
T021,C0073,562,2017-02-17,
T040,C0256,558,2013-04-24,
T070,C0576,887,2014-05-28,
T034,C0215,1267,2017-04-08,
T052,C0880,1979,2012-11-10,
T011,C0975,441,2015-01-11,
T053,C0638,1596,2016-10-26,
T079,C0280,884,2011-02-26,
T010,C0114,244,2013-11-25,
T093,C0543,889,2014-07-24,
T055,C0373,1459,2012-02-27,
T058,C0978,441,2013-03-08,
T096,C0404,361,2016-10-26,
T003,C0263,717,2014-03-28,
T036,C0891,1014,2017-04-01,
T003,C0177,544,2011-05-07,
T067,C0871,1378,2013-08-18,
T062,C0708,252,2016-01-11,
T036,C0686,557,2016-10-05,
T052,C0731,841,2010-10-19,
T040,C0965,636,2010-06-17,
T000,C0131,253,2016-07-01,
T099,C0095,210,2013-03-25,
T010,C0688,1642,2016-07-13,
T005,C0440,441,2014-09-26,
T026,C0922,1021,2014-08-19,
T097,C0810,948,2017-02-19,
T034,C0693,1327,2013-05-12,
T082,C0721,716,2015-02-16,
T080,C0950,203,2011-06-17,
T080,C0439,1259,2013-02-08,
T012,C0532,1084,2017-01-20,
T050,C0852,409,2014-07-26,
T047,C0467,602,2013-09-02,
T017,C0494,511,2014-10-21,
T004,C0151,1870,2010-09-29,
T061,C0050,1631,2013-07-19,
T078,C0351,912,2011-11-06,
T031,C0277,1300,2013-01-26,
T012,C0939,774,2014-02-09,
T007,C0817,592,2015-06-27,
T018,C0569,358,2014-09-08,
T048,C0136,1511,2011-05-04,
T090,C0077,1753,2011-12-22,
T068,C0895,1556,2014-12-10,
T023,C0597,925,2016-09-28,
T027,C0001,833,2017-05-10,
T082,C0156,1333,2014-03-24,
T088,C0906,1750,2012-02-04,
T060,C0484,1980,2011-08-31,
T011,C0103,1847,2012-05-22,
T079,C0082,255,2012-02-27,
T051,C0946,1550,2016-01-22,
T087,C0167,1949,2015-09-21,
T054,C0784,986,2012-06-20,
T070,C0670,1380,2011-02-08,
T071,C0372,501,2011-05-08,
T041,C0242,589,2014-11-03,
T078,C0956,1159,2010-07-11,
T035,C0789,1901,2014-04-17,
T098,C0312,1930,2016-09-12,
T017,C0515,323,2014-12-13,
T024,C0831,875,2015-12-13,
T057,C0547,440,2016-07-23,
T048,C0513,1181,2014-07-25,
T005,C0151,586,2016-09-17,
T069,C0700,306,2013-07-26,
T027,C0956,1202,2017-05-22,
T009,C0299,1818,2017-01-28,
T063,C0603,1051,2015-12-28,
T062,C0575,464,2017-04-21,
T030,C0348,292,2012-02-09,
T040,C0223,1913,2010-06-14,
T029,C0500,1721,2014-01-28,
T041,C0666,1351,2013-01-30,
T012,C0030,1050,2016-06-02,
T037,C0300,1300,2010-09-25,
T074,C0823,1888,2014-05-10,
T053,C0981,1467,2012-01-02,
T086,C0430,1285,2015-01-16,
T085,C0637,839,2012-02-27,
T030,C0888,913,2011-11-27,
T006,C0419,1454,2011-08-18,
T078,C0448,1783,2013-02-11,
T014,C0724,1208,2011-02-06,
T080,C0288,1758,2017-03-31,
T052,C0553,1960,2010-09-20,
T091,C0522,884,2016-09-28,
T030,C0274,529,2015-04-01,
T021,C0394,1779,2015-10-16,
T065,C0482,501,2013-05-12,
T059,C0805,1187,2012-06-30,
T015,C0956,374,2014-03-11,
T063,C0514,1493,2017-04-30,
T016,C0929,1395,2010-07-21,
T057,C0113,1227,2016-06-02,
T042,C0338,370,2013-12-20,
T005,C0342,566,2017-01-30,
T091,C0301,734,2013-02-20,
T056,C0149,1977,2012-02-12,
T081,C0006,677,2016-04-09,
T054,C0760,1604,2012-08-29,
T063,C0908,1165,2012-01-13,
T096,C0602,465,2012-06-22,
T043,C0817,1041,2011-02-09,
T066,C0977,1965,2011-07-26,
T062,C0924,1021,2011-12-11,
T097,C0293,785,2014-01-15,
T013,C0135,1288,2011-11-22,
T069,C0524,1454,2014-12-20,
T074,C0351,1691,2016-09-11,
T006,C0011,1007,2016-06-25,
T001,C0613,1393,2013-05-16,
T042,C0023,219,2011-06-16,
T099,C0534,1541,2013-08-15,
T082,C0237,1236,2015-03-18,
T067,C0767,395,2011-03-25,
T024,C0680,245,2013-11-22,
T019,C0130,1949,2016-07-22,
T036,C0229,220,2011-05-30,
T011,C0030,1224,2013-09-09,
T017,C0066,824,2016-11-09,
T088,C0289,346,2017-04-15,
T023,C0993,1424,2011-06-03,
T040,C0602,327,2016-06-16,
T050,C0181,972,2014-06-29,
T063,C0639,1594,2015-02-16,
T096,C0731,1068,2016-01-29,
T077,C0670,353,2014-05-09,
T025,C0368,338,2013-11-20,
T045,C0909,1802,2012-11-11,
T063,C0031,1096,2017-01-09,
T068,C0371,1818,2013-03-08,
T071,C0775,1500,2012-05-18,
T025,C0552,499,2011-01-31,
T056,C0155,1636,2011-07-16,
T034,C0405,1843,2011-01-26,
T083,C0747,512,2014-01-30,
T075,C0407,1689,2016-08-06,
T087,C0901,1297,2013-09-02,
T085,C0427,222,2015-08-25,
T055,C0779,1231,2015-10-18,
T064,C0529,1299,2015-02-18,
T058,C0211,1020,2014-01-24,
T005,C0407,1607,2017-03-07,
T085,C0447,441,2011-10-11,
T005,C0465,750,2012-07-15,
T084,C0656,285,2015-07-19,
T019,C0881,681,2015-03-23,
T001,C0855,245,2013-07-27,
T027,C0837,1888,2012-12-31,
T027,C0973,1454,2012-10-23,
T018,C0398,537,2015-07-03,
T093,C0531,869,2016-11-01,
T047,C0623,1579,2013-07-04,
T011,C0803,1966,2013-01-16,
T031,C0493,697,2010-07-12,
T019,C0967,1913,2016-09-30,
T026,C0354,1006,2012-07-01,
T001,C0997,1856,2017-05-19,
T027,C0950,1510,2015-05-21,
T042,C0856,219,2014-08-27,
T077,C0945,575,2012-09-10,
T033,C0338,1900,2012-12-02,
T062,C0510,1113,2010-09-25,
T033,C0230,809,2015-09-14,
T047,C0957,361,2016-04-26,
T030,C0351,291,2010-10-26,
T029,C0717,660,2010-10-27,
T029,C0583,593,2010-10-28,
T095,C0985,874,2010-10-29,
T001,C0196,1194,2010-10-30,
T089,C0073,993,2010-10-31,
T041,C0191,1158,2010-11-01,
T005,C0082,297,2010-11-02,
T011,C0656,1907,2010-11-03,
T039,C0075,1744,2010-11-04,
T036,C0798,1802,2010-11-05,
T051,C0141,1096,2010-11-06,
T011,C0906,693,2010-11-07,
T035,C0115,1949,2010-11-08,
T008,C0758,565,2010-11-09,
T028,C0395,648,2010-11-10,
T035,C0226,333,2010-11-11,
T002,C0676,1144,2010-11-12,
T033,C0612,1813,2010-11-13,
T095,C0082,261,2010-11-14,
T044,C0307,621,2010-11-15,
T092,C0501,1451,2010-11-16,
T063,C0071,213,2010-11-17,
T028,C0819,1384,2010-11-18,
T028,C0378,652,2010-11-19,
T052,C0843,1936,2010-11-20,
T093,C0796,591,2010-11-21,
T055,C0857,1538,2010-11-22,
T079,C0594,495,2010-11-23,
T092,C0726,532,2010-11-24,
T014,C0777,400,2010-11-25,
T084,C0135,1915,2010-11-26,
T032,C0473,1778,2010-11-27,
T054,C0665,543,2010-11-28,
T068,C0323,732,2010-11-29,
T050,C0694,1064,2010-11-30,
T065,C0032,739,2010-12-01,
T075,C0472,1993,2010-12-02,
T046,C0499,1819,2010-12-03,
T039,C0367,528,2010-12-04,
T074,C0177,1249,2010-12-05,
T085,C0288,465,2010-12-06,
T066,C0282,234,2010-12-07,
T045,C0956,835,2010-12-08,
T085,C0301,1041,2010-12-09,
T008,C0179,341,2010-12-10,
T044,C0845,645,2010-12-11,
T080,C0872,210,2010-12-12,
T055,C0740,1727,2010-12-13,
T077,C0696,1713,2010-12-14,
T086,C0347,633,2010-12-15,
T037,C0164,1749,2010-12-16,
T050,C0161,1465,2010-12-17,
T050,C0033,1259,2010-12-18,
T033,C0964,323,2010-12-19,
T035,C0199,802,2010-12-20,
T022,C0132,265,2010-12-21,
T044,C0136,1117,2010-12-22,
T027,C0525,883,2010-12-23,
T047,C0402,1925,2010-12-24,
T045,C0385,1286,2010-12-25,
T076,C0355,673,2010-12-26,
T013,C0895,562,2010-12-27,
T053,C0017,1989,2010-12-28,
T085,C0835,961,2010-12-29,
T001,C0240,1499,2010-12-30,
T027,C0739,1245,2010-12-31,
T033,C0370,1138,2011-01-01,
T088,C0301,886,2011-01-02,
T065,C0805,430,2011-01-03,
T024,C0524,1567,2011-01-04,
T072,C0638,367,2011-01-05,
T026,C0766,1466,2011-01-06,
T059,C0396,981,2011-01-07,
T049,C0323,1388,2011-01-08,
T021,C0660,1918,2011-01-09,
T036,C0789,1640,2011-01-10,
T059,C0106,921,2011-01-11,
T004,C0173,778,2011-01-12,
T034,C0817,1024,2011-01-13,
T099,C0264,1363,2011-01-14,
T092,C0896,213,2011-01-15,
T030,C0551,822,2011-01-16,
T068,C0246,1317,2011-01-17,
T010,C0735,244,2011-01-18,
T013,C0615,431,2011-01-19,
T095,C0870,1046,2011-01-20,
T080,C0774,1221,2011-01-21,
T026,C0355,567,2011-01-22,
T058,C0330,1938,2011-01-23,
T055,C0391,1208,2011-01-24,
T098,C0116,1086,2011-01-25,
T058,C0609,619,2011-01-26,
T092,C0225,940,2011-01-27,
T044,C0742,909,2011-01-28,
T066,C0915,768,2011-01-29,
T063,C0004,210,2011-01-30,
T078,C0479,1576,2011-01-31,
T093,C0803,868,2011-02-01,
T089,C0626,1103,2011-02-02,
T095,C0079,1931,2011-02-03,
T019,C0962,430,2011-02-04,
T033,C0761,508,2011-02-05,
T020,C0583,1175,2011-02-06,
T054,C0346,1105,2011-02-07,
T074,C0335,301,2011-02-08,
T079,C0032,374,2011-02-09,
T082,C0005,1037,2011-02-10,
T043,C0749,735,2011-02-11,
T065,C0170,708,2011-02-12,
T059,C0565,697,2011-02-13,
T038,C0544,1191,2011-02-14,
T058,C0573,1919,2011-02-15,
T090,C0331,1862,2011-02-16,
T018,C0895,834,2011-02-17,
T013,C0818,566,2011-02-18,
T094,C0136,1863,2011-02-19,
T022,C0036,1305,2011-02-20,
T082,C0738,430,2011-02-21,
T009,C0966,1229,2011-02-22,
T034,C0383,1971,2011-02-23,
T087,C0391,1748,2011-02-24,
T080,C0800,1913,2011-02-25,
T018,C0077,651,2011-02-26,
T016,C0311,330,2011-02-27,
T010,C0052,703,2011-02-28,
T083,C0520,1211,2011-03-01,
T057,C0340,1478,2011-03-02,
T083,C0706,1987,2011-03-03,
T085,C0224,1803,2011-03-04,
T003,C0329,1112,2011-03-05,
T096,C0458,1466,2011-03-06,
T067,C0294,309,2011-03-07,
T033,C0813,1885,2011-03-08,
T040,C0768,551,2011-03-09,
T032,C0319,467,2011-03-10,
T039,C0209,1774,2011-03-11,
T036,C0989,400,2011-03-12,
T028,C0339,1489,2011-03-13,
T001,C0503,1790,2011-03-14,
T063,C0457,867,2011-03-15,
T027,C0310,1383,2011-03-16,
T025,C0588,979,2011-03-17,
T022,C0424,1697,2011-03-18,
T007,C0078,442,2011-03-19,
T071,C0177,1292,2011-03-20,
T058,C0704,1187,2011-03-21,
T074,C0024,276,2011-03-22,
T045,C0406,912,2011-03-23,
T007,C0042,1731,2011-03-24,
T092,C0915,270,2011-03-25,
T077,C0152,1011,2011-03-26,
T087,C0796,1548,2011-03-27,
T010,C0467,1366,2011-03-28,
T083,C0866,368,2011-03-29,
T005,C0809,1509,2011-03-30,
T007,C0908,323,2011-03-31,
T054,C0949,459,2017-04-06,
T049,C0050,788,2013-07-11,
T043,C0481,1593,2011-05-19,
T069,C0858,1823,2017-04-21,
T013,C0765,1743,2012-08-23,
T030,C0386,251,2016-03-12,
T023,C0003,1913,2012-03-03,
T014,C0846,1584,2012-04-08,
T007,C0881,678,2015-03-29,
T069,C0280,923,2012-12-26,
T057,C0686,237,2010-10-18,
T065,C0025,1656,2015-08-18,
T059,C0231,1220,2011-06-02,
T036,C0836,516,2010-12-22,
T041,C0380,1702,2012-05-10,
T019,C0472,1749,2016-11-02,
T066,C0627,1513,2012-05-29,
T005,C0077,825,2016-10-17,
T081,C0542,1887,2014-06-06,
T094,C0239,1691,2016-03-15,
T024,C0190,293,2015-05-18,
T057,C0125,1719,2014-04-16,
T055,C0385,311,2016-03-27,
T058,C0946,1955,2013-04-06,
T091,C0850,1297,2012-06-19,
T027,C0627,311,2016-08-07,
T095,C0975,1850,2015-03-13,
T071,C0246,1687,2012-03-08,
T034,C0892,326,2016-03-13,
T086,C0702,532,2011-10-14,
T099,C0774,1300,2014-05-15,
T089,C0855,1641,2013-01-16,
T005,C0596,1097,2016-01-17,
T025,C0320,1026,2016-02-29,
T013,C0198,1547,2015-02-06,
T023,C0963,1748,2011-01-13,
T019,C0961,1027,2017-01-18,
T094,C0179,936,2016-09-27,
T097,C0701,1605,2010-07-14,
T095,C0482,1717,2014-04-11,
T092,C0032,1492,2013-02-23,
T066,C0726,452,2011-05-25,
T093,C0137,970,2011-06-03,
T086,C0752,1965,2016-06-22,
T051,C0326,1259,2012-04-17,
T073,C0605,571,2012-07-05,
T075,C0956,1810,2011-09-21,
T028,C0656,1123,2015-02-27,
T081,C0958,1761,2010-10-15,
T049,C0130,593,2015-11-01,
T088,C0440,1018,2010-08-10,
T034,C0012,986,2011-02-01,
T035,C0216,501,2014-07-24,
T097,C0448,323,2011-02-14,
T087,C0041,686,2013-10-05,
T097,C0586,1699,2010-11-23,
T005,C0315,941,2015-08-13,
T016,C0569,1502,2013-11-26,
T015,C0387,1503,2015-08-08,
T001,C0747,1294,2013-12-18,
T021,C0148,687,2015-03-17,
T071,C0741,1999,2013-01-14,
T014,C0617,295,2012-06-12,
T018,C0022,1178,2013-11-14,
T051,C0743,1965,2010-08-09,
T070,C0224,869,2017-04-30,
T087,C0946,1861,2011-05-29,
T003,C0164,1781,2015-01-05,
T029,C0575,1122,2014-05-19,
T042,C0810,561,2016-01-01,
T078,C0612,1590,2014-01-03,
T095,C0304,1369,2015-02-28,
T073,C0082,1050,2011-09-13,
T093,C0874,1887,2015-03-04,
T050,C0402,1556,2014-12-01,
T033,C0265,505,2013-10-23,
T059,C0245,1767,2012-03-07,
T040,C0206,824,2016-06-05,
T068,C0303,879,2014-06-26,
T033,C0496,1169,2011-01-07,
T082,C0611,303,2014-08-31,
T037,C0158,1229,2014-04-19,
T092,C0205,1824,2015-04-01,
T002,C0704,454,2013-02-26,
T077,C0565,601,2012-09-27,
T027,C0035,1267,2016-03-18,
T021,C0360,433,2011-02-01,
T042,C0852,1150,2012-02-01,
T013,C0326,1483,2010-07-14,
T073,C0743,1459,2013-01-14,
T091,C0963,1808,2014-04-20,
T001,C0764,1065,2014-01-30,
T091,C0421,238,2012-06-28,
T096,C0949,733,2011-06-07,
T008,C0819,302,2015-07-18,
T046,C0899,1284,2012-06-12,
T019,C0940,1575,2011-07-30,
T033,C0017,1337,2013-04-10,
T064,C0472,2006,2016-07-06,
T038,C0951,819,2017-03-02,
T026,C0481,1282,2017-03-24,
T083,C0092,654,2016-05-02,
T025,C0138,208,2013-08-05,
T013,C0544,1218,2015-12-27,
T010,C0995,1489,2010-08-06,
T021,C0998,1286,2014-08-13,
T040,C0157,1648,2011-05-06,
T011,C0639,604,2014-03-20,
T080,C0500,444,2015-05-16,
T059,C0355,1874,2015-08-21,
T017,C0672,727,2011-10-09,
T079,C0949,866,2011-12-24,
T096,C0884,985,2013-04-12,
T028,C0831,733,2016-07-19,
T012,C0466,1825,2015-09-18,
T098,C0212,1756,2016-05-06,
T069,C0519,531,2017-03-17,
T032,C0088,612,2016-11-19,
T096,C0757,366,2013-07-04,
T040,C0733,1526,2012-07-25,
T017,C0104,1337,2013-08-05,
T007,C0260,530,2010-12-09,
T073,C0545,549,2012-06-08,
T045,C0474,807,2013-07-03,
T068,C0283,1568,2015-02-02,
T028,C0567,587,2014-06-27,
T075,C0235,1678,2015-01-31,
T082,C0041,1262,2011-05-17,
T030,C0803,1223,2013-10-27,
T057,C0932,339,2013-09-02,
T020,C0627,398,2010-08-08,
T049,C0575,1047,2010-12-18,
T092,C0539,370,2014-07-03,
T023,C0305,948,2016-04-08,
T008,C0881,1132,2014-07-24,
T057,C0452,1786,2017-02-03,
T038,C0791,741,2016-01-04,
T086,C0146,1873,2015-11-19,
T017,C0101,455,2011-03-09,
T049,C0900,388,2013-07-16,
T037,C0366,997,2010-05-30,
T071,C0005,1152,2013-04-03,
T084,C0745,678,2013-09-10,
T038,C0499,237,2012-12-10,
T076,C0833,1024,2015-06-03,
T013,C0875,975,2014-09-27,
T061,C0136,1265,2011-06-12,
T060,C0727,1046,2011-07-30,
T029,C0201,1069,2012-04-22,
T040,C0483,211,2016-01-03,
T024,C0050,1373,2013-02-10,
T040,C0391,1016,2014-07-08,
T078,C0932,504,2015-04-09,
T021,C0671,779,2013-06-27,
T005,C0421,1189,2014-07-08,
T061,C0445,1428,2010-08-31,
T079,C0110,879,2012-12-25,
T021,C0885,1755,2014-02-08,
T018,C0673,662,2015-04-10,
T044,C0177,1464,2013-06-10,
T024,C0467,1148,2016-06-09,
T082,C0680,713,2016-12-05,
T060,C0526,1299,2011-06-09,
T070,C0908,1412,2016-03-01,
T085,C0792,815,2013-01-22,
T068,C0627,628,2016-12-01,
T032,C0752,766,2013-09-14,
T017,C0554,974,2015-05-06,
T053,C0427,382,2013-04-18,
T096,C0638,1631,2016-09-01,
T058,C0848,1490,2011-04-23,
T034,C0170,1888,2013-08-12,
T006,C0499,206,2011-09-12,
T073,C0349,1326,2016-10-24,
T019,C0975,1159,2015-01-10,
T075,C0995,1351,2016-08-11,
T083,C0924,1619,2012-07-06,
T018,C0799,1343,2013-02-11,
T043,C0655,746,2013-04-26,
T031,C0067,787,2016-12-20,
T031,C0610,1583,2011-09-03,
T050,C0453,1443,2012-10-31,
T038,C0089,767,2014-11-23,
T098,C0221,1766,2012-09-13,
T016,C0796,915,2014-05-19,
T053,C0213,1154,2016-12-22,
T075,C0729,1015,2017-01-27,
T021,C0357,1025,2012-09-04,
T058,C0270,1455,2015-10-17,
T074,C0160,656,2010-10-21,
T053,C0376,832,2016-05-01,
T001,C0446,1335,2013-12-11,
T088,C0830,930,2015-08-25,
T099,C0225,1998,2010-08-08,
T087,C0987,315,2015-07-27,
T063,C0832,1191,2013-07-19,
T063,C0636,1589,2014-05-01,
T057,C0849,1975,2015-05-09,
T008,C0575,983,2010-11-07,
T052,C0480,317,2014-10-02,
T078,C0521,846,2015-02-27,
T009,C0894,1153,2016-07-17,
T097,C0746,1085,2015-08-05,
T038,C0819,1663,2016-09-22,
T079,C0660,1452,2014-10-24,
T017,C0482,1707,2013-04-25,
T085,C0683,1471,2015-12-12,
T080,C0267,1071,2016-12-03,
T099,C0976,1505,2012-06-07,
T092,C0335,484,2014-05-23,
T083,C0552,759,2016-02-05,
T002,C0633,1932,2017-03-18,
T050,C0938,530,2014-10-14,
T063,C0215,1726,2013-10-09,
T071,C0003,549,2014-11-30,
T088,C0920,409,2016-08-01,
T041,C0241,1944,2013-12-04,
T017,C0910,1037,2013-04-09,
T055,C0979,422,2010-08-28,
T057,C0576,646,2013-01-23,
T044,C0228,1296,2015-10-27,
T095,C0983,1982,2011-11-25,
T087,C0857,1143,2015-02-17,
T073,C0961,274,2012-05-07,
T017,C0003,245,2012-07-08,
T016,C0103,1558,2016-07-05,
T022,C0418,398,2013-06-29,
T085,C0471,544,2014-04-03,
T084,C0904,1208,2012-07-17,
T005,C0016,1836,2013-05-21,
T086,C0182,1172,2012-07-02,
T052,C0844,842,2014-12-20,
T029,C0037,1297,2016-07-20,
T077,C0761,1789,2013-03-06,
T027,C0029,1977,2017-01-08,
T005,C0285,353,2014-11-18,
T077,C0022,1570,2015-09-15,
T028,C0307,744,2011-12-23,
T071,C0239,1370,2016-10-20,
T076,C0788,848,2013-03-28,
T038,C0992,460,2016-10-11,
T082,C0610,1066,2015-12-01,
T041,C0507,1182,2014-02-03,
T020,C0523,287,2012-04-08,
T052,C0331,1946,2012-07-15,
T050,C0864,273,2014-05-22,
T008,C0759,724,2010-12-16,
T070,C0335,302,2011-10-29,
T004,C0639,1485,2011-07-12,
T059,C0378,1128,2015-05-25,
T054,C0693,1744,2016-08-22,
T092,C0500,1110,2015-07-27,
T035,C0644,1669,2012-08-22,
T083,C0669,1481,2015-05-11,
T076,C0488,1396,2016-03-20,
T005,C0830,548,2015-08-09,
T023,C0680,1306,2011-02-07,
T072,C0386,336,2015-03-17,
T009,C0740,654,2013-06-12,
T046,C0878,1274,2017-04-11,
T080,C0783,1549,2017-02-02,
T098,C0564,1101,2015-08-15,
T041,C0098,1490,2011-06-05,
T032,C0152,654,2013-02-03,
T039,C0184,1118,2010-06-20,
T046,C0738,1163,2011-02-17,
T092,C0142,273,2014-02-14,
T051,C0096,910,2010-06-16,
T040,C0070,523,2015-04-09,
T099,C0470,1963,2012-01-01,
T060,C0045,962,2011-03-26,
T033,C0836,1858,2017-03-06,
T011,C0245,1201,2016-08-22,
T062,C0670,895,2015-07-17,
T011,C0704,992,2015-04-29,
T053,C0258,562,2011-07-21,
T072,C0598,1534,2013-10-31,
T089,C0138,1026,2013-12-26,
T088,C0336,334,2012-05-03,
T014,C0577,516,2015-12-07,
T074,C0205,393,2012-06-28,
T001,C0474,448,2014-05-09,
T001,C0039,1831,2012-10-20,
T096,C0885,1138,2011-09-21,
T085,C0252,1206,2011-04-30,
T081,C0630,1214,2015-08-18,
T074,C0777,1623,2016-05-11,
T086,C0533,551,2015-07-01,
T012,C0672,1401,2016-07-10,
T040,C0671,860,2013-05-31,
T012,C0243,898,2011-03-09,
T029,C0672,1527,2013-09-07,
T078,C0517,1185,2012-05-16,
T074,C0769,376,2011-08-30,
T099,C0412,628,2012-10-23,
T086,C0569,378,2011-03-22,
T086,C0595,947,2012-05-21,
T077,C0830,1059,2011-01-06,
T031,C0630,818,2014-05-28,
T022,C0122,1427,2013-10-03,
T048,C0501,1665,2012-03-17,
T048,C0191,518,2010-08-02,
T030,C0453,440,2011-02-05,
T005,C0987,289,2016-04-15,
T028,C0653,1906,2016-02-20,
T035,C0752,1566,2010-07-21,
T052,C0148,441,2015-05-28,
T020,C0421,918,2014-09-14,
T093,C0474,1204,2013-01-25,
T010,C0191,1059,2015-12-21,
T039,C0827,739,2015-12-27,
T088,C0435,300,2012-08-24,
T053,C0756,722,2010-05-25,
T070,C0762,906,2015-07-08,
T000,C0440,526,2017-03-11,
T087,C0774,530,2010-10-12,
T045,C0911,1855,2011-12-11,
T054,C0538,383,2012-08-20,
T027,C0184,336,2011-02-26,
T095,C0358,1926,2016-12-05,
T030,C0265,913,2013-03-06,
T096,C0760,1052,2016-04-08,
T081,C0137,949,2014-06-03,
T042,C0877,1784,2016-10-27,
T009,C0234,398,2011-07-13,
T063,C0253,1630,2013-06-15,
T043,C0997,566,2013-05-29,
T065,C0351,1444,2016-10-25,
T052,C0571,1131,2012-06-27,
T069,C0335,1173,2012-04-19,
T040,C0123,568,2010-11-14,
T042,C0541,356,2011-12-12,
T026,C0742,508,2017-03-20,
T091,C0903,1007,2011-09-09,
T012,C0248,1751,2015-11-07,
T059,C0145,1239,2011-01-23,
T054,C0960,1250,2011-05-09,
T023,C0524,795,2016-01-29,
T083,C0743,448,2013-04-17,
T021,C0863,621,2016-12-14,
T083,C0467,1985,2013-05-11,
T087,C0405,1994,2011-05-22,
T014,C0396,244,2011-05-20,
T092,C0106,1885,2011-09-26,
T044,C0665,691,2011-02-14,
T068,C0395,1734,2013-05-26,
T098,C0974,382,2013-04-24,
T005,C0711,939,2013-08-19,
T091,C0316,1103,2011-07-04,
T082,C0011,738,2012-05-03,
T021,C0477,1798,2011-12-10,
T054,C0716,595,2016-05-19,
T077,C0817,744,2015-07-18,
T064,C0813,1465,2013-07-29,
T049,C0034,1898,2015-03-15,
T007,C0395,1357,2010-08-03,
T080,C0563,1920,2012-05-08,
T075,C0731,975,2012-10-13,
T014,C0564,1538,2013-08-02,
T034,C0365,1618,2012-01-16,
T080,C0170,553,2015-08-15,
T045,C0836,1079,2015-07-07,
T030,C0399,378,2011-06-21,
T039,C0816,609,2011-09-14,
T030,C0816,1340,2013-12-24,
T071,C0888,418,2011-07-25,
T017,C0840,999,2015-04-29,
T051,C0472,1999,2014-12-10,
T087,C0067,839,2012-01-23,
T091,C0461,1667,2013-11-26,
T032,C0678,375,2012-10-03,
T072,C0643,300,2016-06-25,
T005,C0734,1648,2016-09-13,
T012,C0616,306,2014-07-11,
T062,C0926,932,2017-05-09,
T018,C0697,408,2015-02-06,
T092,C0650,1785,2010-08-29,
T077,C0341,308,2016-05-28,
T005,C0276,1961,2016-11-28,
T090,C0441,587,2013-04-04,
T028,C0092,854,2016-06-17,
T074,C0616,1697,2012-08-15,
T000,C0704,853,2014-11-11,
T085,C0382,428,2014-11-19,
T083,C0187,1525,2014-10-15,
T020,C0355,1522,2016-10-04,
T030,C0541,935,2016-07-03,
T039,C0839,1890,2015-01-04,
T059,C0105,656,2011-12-14,
T074,C0175,1258,2011-11-11,
T048,C0450,1480,2017-03-29,
T003,C0892,1715,2016-05-23,
T079,C0479,1378,2014-06-10,
T019,C0742,681,2014-04-23,
T006,C0069,758,2012-09-05,
T021,C0945,1690,2016-11-07,
T010,C0648,830,2011-01-11,
T006,C0437,1624,2017-04-09,
T072,C0229,456,2013-02-13,
T021,C0579,929,2016-12-02,
T048,C0903,1493,2016-11-20,
T075,C0738,1062,2016-09-22,
T060,C0311,1918,2012-10-19,
T065,C0732,862,2011-05-01,
T080,C0090,1031,2015-01-12,
T080,C0750,1123,2011-05-30,
T066,C0274,1894,2011-11-01,
T008,C0476,890,2014-06-11,
T065,C0733,655,2011-02-16,
T037,C0353,915,2016-10-02,
T039,C0230,952,2012-11-22,
T031,C0752,270,2010-10-02,
T080,C0577,237,2016-06-23,
T014,C0368,1010,2014-05-04,
T021,C0306,1444,2012-08-09,
T008,C0970,937,2015-09-05,
T077,C0462,547,2014-04-13,
T025,C0819,840,2011-03-25,
T050,C0080,292,2016-06-25,
T035,C0115,745,2013-11-09,
T028,C0920,1369,2015-09-26,
T006,C0606,514,2013-01-16,
T074,C0222,274,2013-12-28,
T022,C0291,1793,2015-12-31,
T020,C0368,412,2012-07-27,
T077,C0518,1245,2013-07-27,
T092,C0612,1195,2015-10-06,
T041,C0567,1478,2013-08-11,
T024,C0426,437,2013-01-22,
T051,C0481,1783,2011-06-27,
T063,C0592,1219,2014-05-27,
T039,C0462,1212,2014-03-15,
T041,C0861,646,2015-02-11,
T088,C0353,1840,2016-10-09,
T035,C0696,1917,2013-09-25,
T078,C0268,203,2012-05-18,
T082,C0342,1196,2010-05-31,
T093,C0007,762,2014-03-07,
T029,C0246,1838,2015-01-09,
T092,C0016,1266,2016-07-20,
T096,C0752,1644,2015-01-06,
T023,C0129,1383,2015-10-10,
T051,C0583,215,2013-11-26,
T046,C0421,1870,2012-09-19,
T075,C0281,943,2012-07-13,
T090,C0848,1861,2016-11-11,
T094,C0413,1693,2014-04-26,
T055,C0237,585,2010-10-09,
T018,C0222,1345,2014-09-14,
T088,C0578,574,2011-07-01,
T018,C0701,285,2016-10-01,
T001,C0829,1237,2013-07-02,
T076,C0879,227,2015-03-26,
T027,C0331,997,2015-04-01,
T083,C0392,1918,2013-12-08,
T019,C0097,1823,2013-06-05,
T055,C0677,902,2011-01-23,
T098,C0647,316,2016-06-13,
T021,C0172,918,2015-11-06,
T098,C0443,1604,2011-05-06,
T079,C0793,1742,2011-02-23,
T069,C0725,936,2011-08-29,
T002,C0520,663,2011-08-19,
T089,C0564,1613,2016-02-01,
T071,C0679,752,2017-04-23,
T037,C0943,821,2016-05-31,
T003,C0692,1711,2012-04-10,
T040,C0949,1222,2014-08-07,
T056,C0635,1880,2016-06-05,
T044,C0961,516,2011-06-11,
T033,C0000,1643,2016-10-31,
T023,C0340,1935,2013-07-17,
T080,C0268,638,2011-07-28,
T098,C0189,1642,2017-01-25,
T098,C0107,1132,2014-04-18,
T005,C0189,833,2013-11-30,
T096,C0476,1987,2014-02-24,
T084,C0834,356,2013-09-06,
T062,C0885,301,2011-09-10,
T078,C0402,1919,2017-01-23,
T037,C0412,1742,2015-04-28,
T097,C0872,1514,2012-04-27,
T033,C0541,237,2014-02-19,
T023,C0635,1011,2015-03-17,
T098,C0947,544,2010-11-19,
T018,C0908,1515,2012-01-06,
T068,C0710,544,2014-03-07,
T032,C0757,1126,2010-09-14,
T012,C0127,1935,2014-05-05,
T068,C0452,1138,2013-10-19,
T035,C0690,641,2016-11-15,
T028,C0278,704,2012-01-21,
T052,C0964,1595,2011-10-28,
T000,C0814,772,2013-08-05,
T054,C0301,889,2012-08-26,
T004,C0772,956,2010-07-27,
T066,C0552,479,2012-01-13,
T082,C0500,1716,2014-05-21,
T059,C0399,220,2013-03-25,
T016,C0861,346,2012-11-02,
T079,C0780,1267,2015-10-03,
T080,C0051,1416,2010-10-27,
T009,C0886,1630,2016-04-14,
T009,C0322,1433,2015-11-21,
T035,C0024,1525,2013-06-05,
T081,C0042,403,2013-01-27,
T094,C0054,994,2017-01-04,
T041,C0029,724,2011-05-24,
T090,C0356,913,2013-06-10,
T092,C0318,1383,2016-02-28,
T004,C0021,1761,2015-08-03,
T085,C0750,1430,2013-08-20,
T099,C0036,1552,2014-08-03,
T079,C0828,1249,2013-02-03,
T068,C0558,1873,2011-02-05,
T028,C0713,1515,2014-03-18,
T066,C0227,1190,2011-05-23,
T024,C0340,1920,2013-11-19,
T089,C0665,717,2013-11-20,
T092,C0241,256,2013-11-21,
T032,C0402,1420,2013-11-22,
T057,C0504,1428,2013-11-23,
T005,C0378,642,2013-11-24,
T075,C0107,1932,2013-11-25,
T077,C0024,1161,2013-11-26,
T084,C0114,807,2013-11-27,
T053,C0209,1662,2013-11-28,
T091,C0109,732,2013-11-29,
T000,C0365,1598,2013-11-30,
T004,C0069,1163,2013-12-01,
T024,C0784,1902,2013-12-02,
T052,C0487,976,2013-12-03,
T007,C0245,1101,2013-12-04,
T021,C0938,904,2013-12-05,
T015,C0018,1318,2013-12-06,
T096,C0236,771,2013-12-07,
T049,C0660,585,2013-12-08,
T056,C0416,1099,2013-12-09,
T061,C0336,1164,2013-12-10,
T061,C0044,1842,2011-09-29,
T032,C0912,549,2012-07-24,
T060,C0418,1095,2010-08-16,
T068,C0504,1532,2014-12-19,
T032,C0000,446,2017-05-07,
T044,C0154,680,2011-10-05,
T090,C0577,212,2012-01-27,
T076,C0252,1060,2013-11-13,
T026,C0626,1872,2015-05-16,
T030,C0102,437,2012-08-14,
T060,C0553,1311,2017-09-25,
T068,C0561,995,2016-10-20,
T042,C0971,647,2016-09-21,
T031,C0208,1388,2016-03-02,
T059,C0830,958,2018-05-05,
T018,C0015,1393,2014-08-31,
T062,C0098,403,2012-02-24,
T068,C0022,1508,2010-07-07,
T020,C0817,1379,2016-07-30,
T098,C0908,650,2016-06-22,
T075,C0318,628,2013-09-29,
T065,C0659,783,2017-03-31,
T097,C0058,1346,2012-11-09,
T077,C0850,843,2016-02-09,
T015,C0853,326,2015-04-26,
T095,C0101,349,2017-08-27,
T025,C0975,1590,2013-07-23,
T040,C0918,1892,2014-06-06,
T015,C0799,327,2011-11-18,
T027,C0900,418,2014-09-16,
T030,C0707,1692,2017-05-11,
T076,C0491,1106,2012-05-04,
T037,C0006,1608,2017-02-20,
T081,C0573,908,2011-08-15,
T045,C0934,1223,2014-04-30,
T045,C0276,1194,2014-10-20,
T052,C0809,1396,2017-10-14,
T013,C0203,1352,2012-10-01,
T029,C0825,1495,2015-09-26,
T041,C0283,543,2013-02-17,
T082,C0193,284,2016-09-06,
T059,C0535,1036,2015-03-04,
T026,C0981,1843,2017-06-26,
T066,C0684,1174,2012-12-28,
T032,C0020,1069,2015-04-19,
T021,C0409,1186,2017-07-15,
T047,C0171,587,2016-05-24,
T058,C0109,245,2013-12-04,
T096,C0583,1295,2011-11-06,
T024,C0165,243,2016-10-01,
T059,C0712,1276,2017-04-27,
T050,C0661,673,2018-04-02,
T042,C0988,1825,2017-03-25,
T025,C0393,865,2014-09-08,
T085,C0853,1668,2016-05-27,
T067,C0238,840,2011-02-05,
T097,C0145,1773,2017-03-17,
T002,C0828,1685,2012-07-23,
T067,C0971,402,2016-05-30,
T004,C0444,342,2016-08-22,
T074,C0692,436,2011-06-13,
T012,C0908,1137,2013-11-12,
T054,C0416,1914,2015-04-13,
T017,C0297,1940,2010-08-24,
T008,C0439,1463,2013-03-03,
T088,C0600,239,2016-03-21,
T086,C0737,1969,2013-02-26,
T033,C0488,1574,2011-05-01,
T066,C0898,1226,2012-07-09,
T015,C0501,1094,2013-12-28,
T092,C0117,758,2015-03-19,
T015,C0504,1094,2013-01-09,
T052,C0034,1185,2013-06-28,
T023,C0644,1878,2013-02-15,
T029,C0223,1629,2017-06-15,
T045,C0419,1391,2010-06-23,
T006,C0518,1499,2014-11-02,
T062,C0474,1233,2012-02-08,
T066,C0683,1479,2016-04-18,
T050,C0693,1552,2010-12-02,
T006,C0901,1382,2015-10-25,
T098,C0570,2000,2012-01-23,
T017,C0213,1538,2010-08-12,
T083,C0256,1961,2011-12-27,
T013,C0407,1288,2013-09-26,
T034,C0672,852,2010-08-22,
T032,C0305,1792,2012-06-08,
T013,C0742,1353,2011-03-17,
T085,C0037,445,2014-07-16,
T079,C0935,1587,2011-08-25,
T079,C0732,439,2011-05-11,
T025,C0401,920,2016-01-21,
T085,C0139,1575,2011-05-14,
T028,C0901,272,2014-08-07,
T072,C0698,1933,2014-04-11,
T098,C0438,575,2013-03-02,
T074,C0228,1325,2013-05-05,
T026,C0574,679,2012-04-17,
T060,C0033,1129,2013-01-14,
T079,C0669,1936,2011-08-03,
T037,C0544,1879,2012-10-09,
T081,C0500,714,2014-01-18,
T042,C0793,883,2016-04-18,
T051,C0244,832,2017-01-18,
T037,C0501,587,2013-08-04,
T064,C0364,1767,2014-04-06,
T068,C0566,1197,2017-11-16,
T074,C0319,1138,2011-02-08,
T086,C0681,984,2013-03-26,
T057,C0473,1233,2017-09-03,
T081,C0570,845,2010-11-02,
T049,C0122,1960,2013-01-25,
T024,C0788,1909,2013-10-04,
T088,C0693,711,2017-08-03,
T052,C0598,379,2014-03-15,
T091,C0178,337,2013-10-08,
T007,C0264,1608,2010-06-23,
T052,C0583,1672,2011-04-08,
T088,C0554,925,2015-08-24,
T074,C0337,1064,2015-08-24,
T030,C0639,1190,2011-11-19,
T048,C0335,1282,2017-09-25,
T062,C0813,758,2012-10-23,
T048,C0971,245,2014-07-19,
T033,C0257,1912,2014-03-20,
T092,C0637,1445,2016-01-25,
T078,C0293,831,2012-04-03,
T095,C0317,350,2012-09-26,
T062,C0786,1533,2016-05-25,
T056,C0373,1927,2017-03-13,
T012,C0788,521,2010-08-21,
T019,C0519,2000,2017-07-15,
T097,C0384,981,2017-08-05,
T017,C0053,943,2015-09-17,
T022,C0518,304,2014-08-16,
T082,C0797,1023,2018-03-22,
T042,C0455,861,2012-02-16,
T061,C0201,1141,2011-10-02,
T064,C0492,1054,2015-07-29,
T058,C0137,1145,2014-02-17,
T080,C0592,1114,2017-03-19,
T003,C0388,1556,2014-05-22,
T060,C0588,638,2017-01-25,
T022,C0956,581,2014-09-18,
T095,C0839,1668,2015-01-13,
T031,C0243,1605,2011-01-24,
T015,C0229,1979,2013-06-24,
T017,C0988,506,2015-02-16,
T092,C0790,1350,2016-03-28,
T036,C0533,1500,2014-12-04,
T072,C0299,1598,2011-08-24,
T088,C0707,1714,2013-11-04,
T064,C0739,381,2017-07-13,
T098,C0438,1646,2013-02-21,
T063,C0166,346,2015-08-26,
T017,C0647,605,2015-01-16,
T080,C0029,619,2011-03-25,
T041,C0667,1436,2013-07-09,
T041,C0664,876,2012-09-30,
T072,C0481,957,2012-08-07,
T082,C0941,1829,2013-03-21,
T042,C0071,1853,2018-04-10,
T043,C0880,1607,2013-08-18,
T075,C0055,287,2016-09-22,
T005,C0050,522,2011-10-14,
T080,C0094,475,2015-06-06,
T090,C0519,797,2016-10-15,
T055,C0409,304,2010-06-11,
T085,C0001,401,2017-09-20,
T094,C0977,1970,2015-10-31,
T022,C0985,774,2015-05-22,
T093,C0652,1791,2014-08-13,
T012,C0652,1437,2012-12-19,
T016,C0804,266,2014-02-08,
T013,C0461,1982,2016-06-29,
T051,C0234,1275,2012-12-14,
T077,C0746,1749,2011-09-03,
T061,C0523,1538,2011-08-17,
T016,C0799,503,2017-02-07,
T057,C0525,578,2017-05-25,
T070,C0469,760,2013-03-31,
T093,C0521,838,2015-09-20,
T028,C0922,1950,2013-08-17,
T066,C0254,659,2016-01-06,
T001,C0584,824,2018-02-19,
T081,C0964,608,2013-05-15,
T060,C0891,577,2018-02-02,
T074,C0768,551,2011-03-25,
T013,C0290,1935,2010-11-15,
T005,C0663,1717,2017-11-11,
T085,C0842,462,2017-06-10,
T045,C0007,983,2014-02-26,
T008,C0733,345,2012-07-01,
T059,C0413,298,2017-06-02,
T024,C0279,1851,2012-04-29,
T043,C0279,870,2013-03-22,
T051,C0856,818,2011-04-22,
T077,C0208,1874,2016-10-29,
T024,C0380,342,2017-05-12,
T092,C0615,1218,2011-10-11,
T007,C0686,1729,2016-11-16,
T061,C0008,887,2013-01-28,
T094,C0450,1153,2013-07-07,
T058,C0051,1905,2014-08-04,
T048,C0182,1956,2011-05-29,
T016,C0289,1680,2015-11-02,
T029,C0338,1328,2015-05-14,
T088,C0269,1726,2013-02-24,
T027,C0962,827,2013-08-29,
T077,C0220,766,2011-05-29,
T051,C0541,1920,2014-12-21,
T043,C0290,1986,2010-10-11,
T011,C0317,1120,2014-07-24,
T014,C0722,900,2014-07-18,
T021,C0621,453,2010-10-26,
T085,C0597,746,2016-02-21,
T054,C0579,1757,2011-12-31,
T061,C0815,359,2018-05-06,
T064,C0453,259,2017-05-31,
T035,C0412,1663,2015-08-27,
T084,C0544,430,2017-12-14,
T008,C0784,828,2011-07-22,
T095,C0296,1141,2013-09-01,
T093,C0339,740,2011-12-25,
T043,C0177,994,2016-03-16,
T034,C0812,1499,2012-08-22,
T022,C0625,1101,2018-02-02,
T085,C0921,1883,2016-09-22,
T015,C0870,1505,2017-07-14,
T055,C0385,1642,2011-04-25,
T072,C0847,1215,2014-11-30,
T065,C0715,257,2013-07-20,
T065,C0390,1418,2013-09-07,
T071,C0171,985,2011-10-14,
T023,C0136,1521,2014-06-19,
T007,C0396,1229,2014-08-25,
T029,C0592,888,2018-04-10,
T045,C0384,958,2017-11-17,
T000,C0332,571,2016-10-28,
T055,C0637,264,2016-10-18,
T030,C0862,1701,2017-07-01,
T079,C0270,200,2010-10-07,
T067,C0350,1263,2011-05-29,
T091,C0039,1101,2016-03-11,
T067,C0810,952,2015-06-02,
T043,C0349,1959,2014-04-07,
T009,C0292,1823,2016-02-12,
T021,C0108,682,2013-11-09,
T014,C0612,942,2015-10-02,
T067,C0116,573,2013-02-03,
T061,C0632,308,2010-07-24,
T058,C0591,1599,2017-04-20,
T092,C0759,314,2012-07-07,
T024,C0390,824,2011-04-28,
T091,C0796,267,2018-04-06,
T090,C0865,1160,2013-02-08,
T010,C0345,1719,2011-07-10,
T077,C0922,1732,2012-05-12,
T031,C0163,1190,2017-03-01,
T061,C0094,1561,2013-09-17,
T065,C0364,1598,2010-12-15,
T004,C0620,1773,2016-12-04,
T079,C0331,786,2010-09-04,
T014,C0247,348,2010-07-05,
T026,C0608,1723,2017-11-11,
T020,C0400,269,2011-05-18,
T007,C0573,1993,2015-07-23,
T088,C0778,499,2014-07-10,
T025,C0676,493,2012-09-07,
T092,C0185,1509,2011-06-17,
T066,C0038,714,2017-09-16,
T062,C0365,1545,2010-09-17,
T001,C0015,1657,2016-04-01,
T033,C0681,1101,2017-03-08,
T078,C0872,399,2017-01-14,
T033,C0888,1241,2017-02-13,
T060,C0511,1698,2012-01-31,
T048,C0493,1849,2017-06-25,
T011,C0150,1620,2011-10-06,
T071,C0787,262,2011-12-19,
T005,C0811,1552,2014-06-13,
T004,C0673,506,2010-11-28,
T017,C0425,1817,2015-03-29,
T082,C0985,1171,2010-12-19,
T016,C0083,1224,2011-04-24,
T030,C0740,672,2011-01-19,
T015,C0937,234,2017-03-23,
T042,C0361,231,2015-04-24,
T058,C0403,513,2012-09-02,
T019,C0276,536,2016-05-21,
T071,C0658,258,2011-11-01,
T007,C0054,807,2016-09-15,
T023,C0715,1460,2015-01-26,
T015,C0886,406,2011-12-09,
T043,C0876,1597,2016-09-18,
T007,C0475,1787,2017-05-15,
T084,C0282,1703,2010-08-27,
T098,C0114,1577,2012-02-21,
T075,C0136,1119,2014-03-06,
T065,C0855,1841,2011-12-31,
T030,C0852,1881,2018-01-15,
T038,C0519,1523,2014-05-08,
T054,C0049,403,2014-01-20,
T033,C0886,1542,2013-02-20,
T021,C0663,1414,2017-09-10,
T048,C0908,1671,2017-12-01,
T060,C0812,1818,2011-03-30,
T073,C0456,715,2015-09-28,
T093,C0095,366,2017-06-12,
T010,C0032,1838,2011-07-30,
T040,C0396,1270,2012-07-30,
T013,C0819,1117,2012-11-17,
T018,C0301,1372,2016-06-04,
T066,C0726,1341,2015-03-20,
T058,C0391,1105,2010-09-08,
T003,C0315,510,2011-03-03,
T031,C0923,713,2011-04-04,
T046,C0583,421,2015-06-04,
T001,C0090,1949,2016-02-12,
T042,C0300,633,2010-12-26,
T064,C0666,306,2014-11-16,
T035,C0313,513,2016-03-06,
T006,C0023,769,2017-03-10,
T093,C0573,324,2018-03-23,
T072,C0792,867,2017-11-05,
T096,C0688,1028,2017-05-19,
T060,C0315,1084,2014-07-28,
T080,C0878,1009,2017-04-22,
T030,C0345,719,2015-09-23,
T050,C0649,1317,2017-05-30,
T022,C0881,1469,2011-05-20,
T047,C0259,1589,2017-06-15,
T017,C0881,1239,2016-11-26,
T063,C0556,1692,2012-10-08,
T093,C0626,1667,2016-04-30,
T085,C0725,1709,2017-06-16,
T032,C0571,317,2015-04-29,
T069,C0658,1087,2013-05-31,
T073,C0521,1850,2016-07-14,
T072,C0206,1464,2017-08-12,
T054,C0018,933,2011-11-10,
T069,C0074,464,2017-12-20,
T063,C0975,1543,2015-10-09,
T088,C0249,1637,2013-10-22,
T047,C0896,289,2013-09-30,
T088,C0420,1464,2012-11-03,
T034,C0648,1175,2018-03-10,
T032,C0719,690,2013-01-17,
T080,C0501,1404,2013-04-14,
T075,C0116,1678,2017-02-01,
T024,C0376,1701,2018-04-22,
T003,C0497,1788,2014-05-08,
T071,C0103,585,2013-11-19,
T021,C0271,836,2012-03-18,
T022,C0515,1147,2015-07-24,
T076,C0687,1918,2017-01-13,
T012,C0270,1197,2010-07-05,
T069,C0900,471,2016-03-11,
T057,C0224,1626,2014-07-22,
T002,C0800,321,2016-03-15,
T035,C0924,240,2018-02-15,
T014,C0964,1321,2010-10-17,
T001,C0435,465,2012-02-26,
T059,C0568,1407,2013-05-19,
T087,C0917,904,2015-12-24,
T044,C0380,1560,2016-08-03,
T034,C0056,1564,2013-07-31,
T006,C0430,763,2013-07-30,
T014,C0689,1622,2012-03-18,
T085,C0249,1705,2014-04-29,
T084,C0677,695,2014-12-07,
T040,C0592,716,2016-12-22,
T029,C0828,672,2015-07-26,
T038,C0642,297,2015-06-04,
T080,C0412,1723,2017-04-10,
T063,C0005,1941,2012-12-26,
T042,C0044,1791,2015-11-18,
T087,C0155,830,2015-10-15,
T069,C0249,651,2015-08-09,
T060,C0130,915,2018-01-31,
T029,C0789,1277,2013-04-20,
T069,C0903,1402,2016-01-01,
T024,C0605,1624,2017-09-06,
T024,C0715,297,2015-12-26,
T073,C0303,525,2014-08-10,
T000,C0228,1412,2013-09-11,
T028,C0309,596,2017-08-30,
T021,C0016,1969,2017-02-14,
T022,C0040,1748,2017-03-04,
T090,C0331,1834,2010-12-21,
T040,C0501,422,2010-07-28,
T077,C0634,1837,2011-01-02,
T038,C0498,1682,2014-08-06,
T045,C0281,1522,2016-07-13,
T076,C0784,1756,2012-02-14,
T026,C0944,740,2010-06-01,
T070,C0763,1589,2017-05-28,
T079,C0308,474,2016-02-08,
T051,C0551,570,2013-03-23,
T044,C0284,1099,2018-03-09,
T072,C0391,332,2013-03-12,
T011,C0154,1087,2015-02-25,
T089,C0166,1174,2016-07-10,
T017,C0459,1372,2015-03-15,
T098,C0896,1037,2014-04-17,
T009,C0585,576,2014-11-04,
T047,C0361,678,2014-09-26,
T085,C0908,1296,2015-03-27,
T022,C0574,475,2012-05-08,
T049,C0306,1156,2017-09-30,
T019,C0436,1853,2014-02-22,
T020,C0067,343,2011-01-22,
T089,C0219,1039,2017-09-07,
T048,C0139,1980,2014-08-12,
T012,C0531,547,2011-05-17,
T060,C0969,848,2013-08-10,
T070,C0920,1082,2014-06-03,
T068,C0608,1105,2016-12-08,
T037,C0860,800,2015-02-02,
T076,C0798,1542,2015-10-18,
T014,C0445,359,2011-12-06,
T072,C0468,622,2010-09-30,
T016,C0947,1319,2011-07-23,
T084,C0902,237,2014-01-16,
T067,C0746,250,2016-07-25,
T097,C0088,521,2015-03-17,
T016,C0136,820,2018-01-28,
T069,C0615,431,2013-02-02,
T073,C0031,483,2017-02-05,
T073,C0301,1156,2016-06-27,
T032,C0743,1633,2011-07-31,
T068,C0433,1584,2016-02-08,
T078,C0011,836,2011-01-18,
T090,C0323,1668,2014-07-25,
T090,C0632,418,2010-06-22,
T057,C0392,834,2018-04-03,
T011,C0235,957,2014-03-14,
T071,C0871,1646,2010-06-27,
T007,C0987,1893,2014-11-24,
T068,C0714,933,2013-09-01,
T048,C0381,314,2012-01-05,
T011,C0934,1788,2012-12-31,
T005,C0220,1825,2014-11-25,
T001,C0522,467,2014-06-14,
T025,C0904,1108,2012-07-19,
T012,C0198,1811,2011-01-09,
T007,C0972,1372,2012-10-11,
T053,C0338,1547,2010-07-12,
T089,C0825,1569,2010-09-19,
T045,C0035,1681,2011-01-10,
T068,C0067,503,2014-04-27,
T005,C0100,272,2012-08-06,
T027,C0797,1934,2012-10-25,
T076,C0303,1453,2015-04-23,
T072,C0970,202,2017-11-10,
T017,C0867,1223,2011-11-08,
T096,C0488,746,2015-08-08,
T010,C0314,1559,2016-06-08,
T095,C0094,1184,2016-06-23,
T023,C0508,302,2017-07-29,
T091,C0894,220,2012-07-06,
T094,C0041,925,2011-10-05,
T062,C0239,1247,2016-09-10,
T098,C0519,1440,2017-10-30,
T065,C0314,1707,2011-06-26,
T061,C0118,1296,2012-08-13,
T083,C0725,631,2010-11-21,
T011,C0295,1702,2017-02-23,
T012,C0976,693,2016-04-26,
T036,C0871,1572,2012-09-20,
T039,C0294,413,2011-04-24,
T065,C0740,705,2012-03-12,
T071,C0986,1274,2013-07-29,
T062,C0628,969,2015-12-15,
T004,C0720,507,2014-10-11,
T042,C0033,252,2017-02-24,
T094,C0322,1721,2014-10-01,
T019,C0266,1627,2012-07-12,
T074,C0490,1293,2018-03-27,
T046,C0160,1114,2014-04-03,
T043,C0353,1861,2018-03-26,
T034,C0170,1619,2011-07-16,
T018,C0084,1517,2010-07-15,
T038,C0559,1298,2014-01-26,
T027,C0750,1629,2017-03-27,
T056,C0621,1262,2013-04-28,
T030,C0902,1829,2011-06-28,
T077,C0406,1583,2015-02-18,
T038,C0414,293,2011-02-23,
T037,C0366,1125,2012-08-04,
T021,C0439,518,2016-01-20,
T018,C0949,543,2010-07-24,
T039,C0080,395,2015-07-05,
T075,C0197,230,2016-08-05,
T094,C0176,1369,2013-04-06,
T043,C0859,860,2013-09-23,
T058,C0267,1855,2010-10-10,
T076,C0037,1364,2015-07-15,
T032,C0243,1262,2017-05-02,
T058,C0873,1794,2015-06-13,
T049,C0868,1924,2013-12-09,
T050,C0932,1093,2012-03-12,
T074,C0267,1344,2015-03-11,
T039,C0609,522,2017-01-17,
T017,C0329,1911,2016-05-01,
T086,C0763,1736,2010-08-24,
T073,C0734,1105,2017-08-22,
T099,C0114,264,2017-04-19,
T042,C0124,1856,2012-09-27,
T098,C0571,1745,2014-02-18,
T082,C0830,427,2013-10-01,
T070,C0194,791,2014-12-16,
T040,C0088,1890,2014-06-11,
T079,C0702,886,2011-08-27,
T032,C0284,638,2018-03-14,
T076,C0712,1841,2012-05-23,
T057,C0153,486,2012-04-02,
T007,C0698,1920,2012-10-31,
T051,C0746,1375,2017-12-11,
T047,C0543,551,2015-02-26,
T093,C0127,1612,2011-05-29,
T093,C0625,230,2013-04-23,
T031,C0755,1540,2011-02-11,
T052,C0839,527,2017-01-14,
T074,C0630,1688,2016-06-22,
T058,C0848,1102,2015-08-07,
T071,C0517,1889,2015-06-17,
T019,C0049,1099,2011-10-16,
T078,C0251,1962,2016-05-25,
T008,C0625,378,2017-05-24,
T045,C0761,355,2017-03-19,
T069,C0172,1007,2012-08-30,
T058,C0163,1662,2011-04-09,
T090,C0119,1312,2012-07-26,
T070,C0522,1267,2010-11-18,
T061,C0915,1991,2013-04-01,
T034,C0969,1250,2015-11-26,
T080,C0437,1008,2010-12-18,
T034,C0317,510,2015-06-24,
T098,C0165,228,2011-01-11,
T012,C0846,695,2017-07-28,
T032,C0789,1593,2015-05-23,
T075,C0572,960,2016-12-06,
T003,C0632,363,2015-01-24,
T004,C0210,1227,2010-10-22,
T077,C0441,989,2013-03-07,
T010,C0894,511,2011-02-27,
T071,C0100,664,2013-10-29,
T095,C0808,1964,2013-05-21,
T018,C0575,1216,2016-05-30,
T085,C0282,816,2015-05-29,
T074,C0464,1657,2013-07-24,
T020,C0600,1684,2015-01-23,
T051,C0834,669,2014-08-20,
T064,C0706,297,2016-02-17,
T079,C0485,1532,2015-12-02,
T038,C0491,1285,2015-07-23,
T086,C0127,1992,2014-03-24,
T036,C0166,545,2014-09-19,
T018,C0653,761,2015-03-05,
T092,C0375,1647,2015-04-05,
T069,C0012,1526,2017-06-18,
T001,C0099,1564,2013-05-23,
T097,C0455,811,2011-02-16,
T041,C0010,470,2011-02-03,
T013,C0129,691,2015-12-21,
T069,C0336,1010,2015-10-24,
T086,C0291,201,2014-05-10,
T045,C0053,803,2012-09-26,
T065,C0483,317,2016-08-31,
T099,C0249,478,2016-06-24,
T085,C0353,1399,2012-11-11,
T086,C0890,1805,2012-10-30,
T098,C0138,1083,2018-02-22,
T072,C0978,1590,2012-08-18,
T069,C0644,1008,2010-08-18,
T016,C0092,283,2011-08-09,
T038,C0140,311,2016-05-22,
T053,C0796,1012,2016-11-16,
T020,C0514,1625,2013-12-18,
T044,C0781,1802,2015-10-24,
T060,C0683,207,2014-03-16,
T024,C0614,1759,2017-07-27,
T015,C0796,1798,2015-08-11,
T096,C0426,909,2016-08-06,
T089,C0867,1818,2016-12-30,
T084,C0907,1588,2011-01-23,
T098,C0376,1394,2014-01-09,
T076,C0154,563,2010-07-08,
T088,C0382,223,2016-04-10,
T057,C0721,1340,2013-09-18,
T054,C0028,284,2011-05-10,
T080,C0223,1952,2015-01-13,
T087,C0928,1902,2017-06-11,
T097,C0277,778,2014-09-25,
T016,C0527,1204,2011-10-26,
T016,C0343,475,2013-06-09,
T000,C0627,989,2010-08-02,
T011,C0343,1482,2011-03-09,
T030,C0164,814,2014-12-20,
T084,C0519,238,2017-06-19,
T061,C0466,1967,2010-06-18,
T073,C0833,989,2018-03-16,
T054,C0718,1847,2014-03-17,
T081,C0451,1278,2016-08-14,
T036,C0746,1219,2018-01-28,
T020,C0054,1285,2014-06-29,
T064,C0217,224,2013-12-01,
T027,C0867,1797,2012-05-20,
T050,C0016,957,2010-07-21,
T054,C0705,324,2017-08-31,
T021,C0338,563,2016-11-15,
T072,C0481,883,2014-11-24,
T093,C0199,1069,2010-10-06,
T037,C0717,740,2016-01-05,
T044,C0152,1490,2011-09-14,
T070,C0099,766,2017-12-14,
T029,C0789,811,2012-07-28,
T057,C0602,402,2010-08-22,
T049,C0410,1984,2011-03-14,
T002,C0946,367,2011-12-07,
T023,C0398,594,2015-08-12,
T028,C0744,729,2011-09-04,
T052,C0010,847,2016-08-27,
T070,C0250,1325,2012-12-02,
T072,C0726,1014,2016-05-26,
T040,C0212,541,2011-11-23,
T088,C0730,632,2018-03-03,
T003,C0029,528,2012-02-11,
T036,C0188,764,2013-01-25,
T026,C0605,1101,2015-10-05,
T015,C0139,1883,2014-12-22,
T046,C0714,1913,2014-11-20,
T034,C0406,1196,2014-12-24,
T041,C0380,583,2014-07-16,
T066,C0983,1834,2018-01-04,
T014,C0995,1897,2018-01-04,
T033,C0796,1628,2011-11-14,
T023,C0927,419,2012-09-30,
T091,C0152,1389,2012-03-04,
T030,C0711,730,2010-06-26,
T030,C0145,1480,2018-01-06,
T068,C0893,656,2013-07-10,
T091,C0649,364,2017-08-15,
T011,C0775,893,2011-04-20,
T024,C0812,1426,2015-05-09,
T065,C0573,556,2010-11-27,
T052,C0157,1327,2013-08-07,
T030,C0985,1666,2017-04-05,
T015,C0361,573,2013-01-10,
T000,C0326,211,2013-06-12,
T091,C0018,815,2015-12-28,
T019,C0813,1940,2016-11-27,
T023,C0520,641,2015-06-27,
T094,C0346,884,2015-06-16,
T016,C0847,422,2011-04-08,
T026,C0203,928,2017-08-29,
T011,C0340,1390,2011-04-17,
T032,C0415,1292,2013-01-16,
T023,C0932,453,2018-02-20,
T064,C0681,856,2015-10-02,
T004,C0486,613,2017-07-04,
T036,C0033,289,2014-12-29,
T050,C0180,1900,2016-07-30,
T024,C0132,1123,2012-12-03,
T013,C0878,1875,2012-08-10,
T091,C0080,437,2016-12-03,
T035,C0088,253,2014-12-13,
T078,C0136,1432,2012-04-20,
T001,C0930,374,2012-03-27,
T032,C0063,241,2012-08-10,
T068,C0912,299,2016-11-15,
T074,C0706,1468,2012-07-13,
T017,C0434,872,2014-09-09,
T060,C0770,1111,2018-03-02,
T099,C0989,1821,2011-12-26,
T033,C0412,1213,2017-05-25,
T099,C0586,679,2010-07-08,
T097,C0366,286,2011-02-05,
T050,C0448,1978,2013-03-29,
T038,C0617,1682,2015-03-04,
T066,C0544,1116,2012-10-14,
T078,C0729,765,2013-05-26,
T024,C0129,1985,2015-01-13,
T037,C0135,759,2013-11-25,
T040,C0077,226,2016-02-14,
T023,C0388,1729,2018-03-06,
T071,C0332,1713,2013-03-12,
T044,C0433,862,2016-02-28,
T028,C0966,479,2011-03-03,
T018,C0285,1743,2013-09-13,
T025,C0855,937,2012-09-06,
T053,C0594,526,2013-02-19,
T059,C0177,1804,2014-08-16,
T005,C0792,1263,2014-11-04,
T052,C0206,1770,2010-06-05,
T085,C0293,1511,2015-10-27,
T020,C0920,1061,2011-03-07,
T053,C0148,1399,2016-04-07,
T084,C0686,733,2015-06-09,
T029,C0680,504,2015-04-01,
T064,C0303,1444,2014-05-31,
T044,C0618,1231,2016-10-03,
T021,C0738,267,2013-09-16,
T086,C0845,1067,2010-12-16,
T037,C0790,1822,2014-07-13,
T014,C0968,1550,2013-08-12,
T003,C0252,1321,2012-07-21,
T058,C0718,1936,2016-04-18,
T038,C0602,1904,2013-03-12,
T068,C0302,1109,2015-08-12,
T094,C0094,857,2016-08-07,
T059,C0756,312,2012-09-08,
T087,C0817,1398,2013-02-07,
T065,C0711,1387,2016-11-17,
T040,C0545,1179,2017-12-18,
T076,C0447,1890,2016-09-14,
T098,C0592,762,2012-08-17,
T070,C0950,290,2012-08-02,
T077,C0410,1218,2014-09-23,
T009,C0180,1447,2017-05-05,
T056,C0124,1276,2013-04-12,
T000,C0007,1618,2017-08-17,
T099,C0192,963,2016-02-21,
T094,C0238,1654,2012-07-20,
T063,C0422,1872,2011-11-16,
T084,C0042,1352,2012-05-22,
T047,C0784,311,2012-05-23,
T076,C0904,1341,2013-01-31,
T027,C0657,1100,2012-10-23,
T015,C0898,1885,2012-09-18,
T071,C0931,1039,2013-07-29,
T056,C0209,1820,2013-01-09,
T054,C0014,1842,2016-12-16,
T002,C0934,771,2017-06-04,
T096,C0864,1971,2013-10-20,
T049,C0305,409,2011-10-19,
T055,C0220,323,2017-07-06,
T066,C0531,548,2017-12-30,
T085,C0407,1697,2017-03-19,
T035,C0530,543,2015-12-14,
T076,C0254,1951,2012-08-31,
T072,C0519,762,2018-03-10,
T092,C0644,777,2012-11-17,
T095,C0855,1725,2017-10-28,
T050,C0854,1952,2011-02-10,
T032,C0726,663,2011-08-24,
T047,C0770,256,2016-01-07,
T017,C0220,202,2015-02-11,
T055,C0574,1558,2014-06-29,
T003,C0733,1963,2018-01-03,
T014,C0761,1363,2013-12-31,
T075,C0618,1216,2018-04-14,
T050,C0234,1234,2010-10-21,
T084,C0533,1746,2017-12-30,
T005,C0043,482,2016-08-20,
T053,C0581,1751,2017-12-17,
T097,C0249,333,2014-02-17,
T010,C0955,1866,2014-09-12,
T074,C0988,1778,2011-08-16,
T055,C0862,1504,2016-04-02,
T019,C0724,1386,2014-04-01,
T091,C0712,1421,2014-11-25,
T098,C0181,1573,2015-01-20,
T042,C0989,1613,2014-06-15,
T026,C0555,357,2012-02-04,
T078,C0081,544,2010-07-14,
T040,C0882,1761,2015-10-20,
T023,C0801,958,2012-02-16,
T095,C0278,676,2016-08-19,
T049,C0392,916,2011-10-01,
T023,C0060,1281,2015-02-01,
T017,C0634,1079,2012-08-29,
T051,C0835,1970,2011-08-06,
T010,C0483,999,2015-02-16,
T005,C0888,978,2016-10-18,
T043,C0048,1725,2017-09-20,
T070,C0880,406,2010-05-28,
T068,C0122,818,2016-08-27,
T017,C0056,1602,2013-08-07,
T026,C0013,1531,2016-11-15,
T091,C0581,1588,2014-10-07,
T086,C0513,1798,2010-08-30,
T000,C0996,1874,2012-07-05,
T030,C0351,326,2011-11-11,
T096,C0791,570,2014-05-12,
T048,C0350,636,2011-03-24,
T084,C0237,1143,2014-09-20,
T033,C0044,1430,2015-04-19,
T043,C0228,1128,2014-11-05,
T026,C0858,1202,2018-01-03,
T008,C0888,276,2012-07-11,
T023,C0345,1028,2013-11-14,
T044,C0179,1469,2011-08-15,
T058,C0578,268,2011-06-18,
T065,C0606,1627,2015-05-12,
T037,C0339,355,2015-09-01,
T000,C0459,814,2012-08-25,
T030,C0623,1111,2014-02-28,
T045,C0829,1635,2011-12-16,
T054,C0903,1454,2017-11-07,
T084,C0182,1748,2017-07-10,
T026,C0609,1475,2014-07-06,
T019,C0379,483,2014-08-06,
T086,C0238,1457,2015-11-27,
T070,C0528,367,2011-05-11,
T028,C0050,926,2012-09-28,
T013,C0901,1477,2010-12-20,
T099,C0281,856,2013-05-04,
T082,C0963,1689,2012-05-17,
T086,C0083,745,2013-02-08,
T040,C0040,1476,2015-06-03,
T052,C0031,1228,2016-01-24,
T024,C0050,1222,2013-04-15,
T011,C0070,201,2013-12-28,
T011,C0263,952,2015-07-29,
T017,C0519,420,2016-02-22,
T092,C0426,1209,2014-03-24,
T006,C0024,1942,2014-11-20,
T056,C0641,775,2013-04-25,
T090,C0732,1892,2016-01-22,
T049,C0090,829,2012-07-16,
T021,C0652,907,2017-09-29,
T095,C0778,558,2012-05-08,
T056,C0434,1713,2013-11-09,
T006,C0882,1361,2013-11-29,
T056,C0449,582,2011-11-06,
T005,C0833,1571,2013-12-14,
T015,C0900,657,2014-04-17,
T079,C0879,1838,2016-01-05,
T045,C0359,553,2013-09-12,
T075,C0600,582,2017-06-05,
T091,C0052,429,2017-11-30,
T095,C0587,861,2014-01-01,
T070,C0421,1180,2011-12-24,
T079,C0508,1162,2017-12-11,
T007,C0342,1044,2016-12-12,
T079,C0598,1524,2014-04-09,
T086,C0357,518,2012-12-15,
T098,C0525,995,2017-12-08,
T067,C0727,1041,2014-01-21,
T084,C0847,234,2014-08-12,
T024,C0097,1331,2017-01-22,
T059,C0565,426,2012-09-03,
T044,C0903,248,2014-04-14,
T099,C0194,1063,2016-03-24,
T051,C0817,981,2017-09-28,
T061,C0976,1501,2013-05-30,
T051,C0927,1892,2016-12-21,
T072,C0561,668,2011-08-11,
T087,C0293,1415,2012-12-09,
T055,C0898,1149,2016-05-02,
T073,C0209,1681,2012-10-17,
T094,C0753,409,2016-02-23,
T033,C0817,853,2010-08-30,
T002,C0645,1314,2014-09-07,
T099,C0603,569,2013-11-11,
T004,C0694,1165,2015-06-23,
T061,C0705,1420,2010-08-20,
T030,C0765,694,2017-07-01,
T020,C0099,600,2012-04-02,
T070,C0955,592,2017-04-19,
T060,C0058,1150,2012-08-31,
T092,C0923,1553,2017-03-28,
T026,C0780,1074,2014-05-05,
T070,C0387,1424,2012-04-18,
T036,C0223,1818,2012-10-02,
T074,C0959,1970,2010-12-31,
T068,C0190,1135,2011-11-26,
T016,C0461,400,2011-02-26,
T045,C0743,822,2011-12-06,
T033,C0759,623,2013-10-31,
T021,C0605,681,2011-01-31,
T081,C0371,1960,2017-01-26,
T075,C0712,1563,2015-05-27,
T019,C0015,432,2014-06-01,
T042,C0273,1624,2010-07-12,
T018,C0559,1472,2011-08-07,
T000,C0916,1045,2014-12-20,
T064,C0121,266,2014-12-16,
T073,C0586,1338,2013-10-20,
T005,C0683,1540,2014-02-20,
T053,C0404,1426,2012-09-30,
T043,C0082,1725,2017-06-27,
T021,C0486,1293,2014-07-24,
T065,C0293,1505,2011-07-05,
T040,C0606,1112,2012-05-13,
T047,C0620,1966,2012-03-20,
T051,C0410,1408,2012-10-10,
T089,C0302,1571,2015-03-05,
T035,C0659,721,2012-07-21,
T029,C0377,1017,2017-04-13,
T057,C0486,1074,2016-05-01,
T060,C0376,1570,2018-02-08,
T015,C0437,290,2013-08-01,
T031,C0560,1947,2013-12-11,
T011,C0544,894,2015-06-05,
T055,C0124,1071,2014-06-24,
T000,C0264,1522,2015-06-07,
T079,C0137,1908,2011-05-04,
T067,C0661,828,2011-10-28,
T092,C0629,1222,2013-04-12,
T091,C0493,1201,2016-06-18,
T076,C0456,297,2017-11-08,
T043,C0700,1186,2013-09-28,
T011,C0437,1295,2016-01-22,
T086,C0117,1624,2011-03-18,
T030,C0249,1219,2010-07-09,
T092,C0820,430,2013-01-31,
T031,C0323,1539,2014-11-08,
T065,C0080,1928,2012-10-01,
T056,C0384,1679,2010-07-16,
T063,C0682,633,2013-08-31,
T081,C0809,572,2016-12-18,
T047,C0233,429,2015-12-28,
T099,C0834,1247,2015-07-29,
T025,C0416,1884,2015-09-09,
T061,C0972,1086,2011-09-15,
T089,C0088,1893,2016-09-11,
T091,C0205,1886,2014-01-26,
T085,C0042,644,2014-05-04,
T083,C0550,1336,2014-09-06,
T048,C0186,954,2010-11-14,
T092,C0002,390,2011-01-12,
T028,C0326,363,2014-10-10,
T046,C0088,925,2017-05-04,
T019,C0767,554,2014-09-25,
T039,C0964,1491,2016-07-05,
T094,C0929,1586,2011-06-20,
T095,C0340,882,2018-04-28,
T071,C0549,811,2014-03-19,
T006,C0638,1550,2015-02-08,
T088,C0079,602,2012-11-26,
T092,C0472,470,2016-08-28,
T074,C0250,1849,2011-07-07,
T030,C0655,912,2014-07-25,
T067,C0771,1547,2014-11-28,
T062,C0093,598,2012-08-14,
T029,C0472,1006,2013-07-19,
T021,C0910,1647,2017-01-13,
T031,C0857,1366,2015-05-03,
T019,C0789,1757,2013-10-05,
T025,C0711,1897,2017-06-17,
T006,C0716,607,2015-03-16,
T051,C0946,1259,2015-01-21,
T050,C0534,1480,2015-12-07,
T084,C0708,1095,2012-11-08,
T089,C0103,434,2014-03-23,
T017,C0033,938,2013-03-21,
T092,C0601,551,2013-11-14,
T085,C0362,1996,2015-10-18,
T064,C0394,1041,2013-10-15,
T083,C0014,1879,2011-12-30,
T015,C0483,968,2015-09-20,
T093,C0505,1362,2014-08-19,
T086,C0562,1574,2015-08-01,
T066,C0409,1884,2014-07-18,
T083,C0763,1413,2010-08-04,
T033,C0006,623,2013-12-26,
T083,C0518,1199,2017-11-23,
T073,C0472,1743,2011-05-11,
T078,C0071,1304,2015-05-17,
T022,C0036,728,2010-11-18,
T034,C0434,1416,2010-09-20,
T042,C0466,691,2016-02-09,
T049,C0759,1913,2011-03-03,
T032,C0028,416,2018-05-15,
T045,C0165,1867,2011-06-23,
T025,C0472,1655,2016-07-09,
T047,C0939,498,2010-08-12,
T050,C0418,429,2012-06-21,
T008,C0770,721,2012-08-29,
T093,C0983,966,2018-01-09,
T017,C0478,469,2014-06-24,
T054,C0416,280,2011-11-16,
T045,C0028,1499,2015-03-30,
T007,C0875,1032,2012-12-13,
T014,C0383,1018,2011-05-07,
T023,C0939,1293,2018-04-23,
T095,C0418,612,2018-05-31,
T049,C0770,373,2018-01-02,
T023,C0983,1252,2018-06-16,
T017,C0478,743,2018-05-02,
T051,C0416,280,2018-02-02,
T010,C0573,527,2018-06-04,
T005,C0157,555,2018-02-15,
T043,C0985,849,2018-03-08,
T070,C0361,218,2018-02-10,
T068,C0326,726,2018-01-06,
T017,C0018,1042,2018-06-25,
T026,C0813,647,2018-03-13,
T091,C0520,920,2018-05-31,
T086,C0346,1336,2018-06-14,
T000,C0847,1933,2018-03-30,
T030,C0203,1788,2018-01-20,
T096,C0340,1701,2018-03-17,
T048,C0415,632,2018-01-02,
T084,C0932,1980,2018-06-04,
T033,C0681,1517,2018-06-28,
T043,C0486,1888,2018-02-19,
T026,C0033,1123,2018-02-19,
T008,C0180,1300,2018-06-23,
T023,C0132,279,2018-04-27,
T044,C0878,1521,2018-05-27,
T058,C0080,440,2018-04-24,
T065,C0088,1420,2018-02-03,
T037,C0136,1973,2018-05-01,
T000,C0930,303,2018-06-12,
T030,C0063,1445,2018-04-10,
T045,C0912,1481,2018-04-23,
T054,C0706,462,2018-04-30,
T084,C0434,402,2018-06-11,
T026,C0770,271,2018-01-03,
T019,C0989,1157,2018-05-13,
T086,C0412,484,2018-06-29,
T070,C0586,820,2018-01-10,
T028,C0366,1786,2018-04-23,
T013,C0448,1066,2018-05-11,
T099,C0617,1103,2018-04-29,
T082,C0544,505,2018-01-05,
T086,C0729,854,2018-01-01,
T040,C0129,684,2018-02-13,
T052,C0135,1473,2018-04-27,
T024,C0077,1160,2018-02-08,
T011,C0388,366,2018-04-21,
T011,C0332,557,2018-01-18,
T017,C0433,1518,2018-03-28,
T092,C0966,1403,2018-04-17,
T006,C0285,1381,2018-06-03,
T056,C0855,1088,2018-04-29,
T090,C0594,1835,2018-06-29,
T049,C0177,1477,2018-01-27,
T021,C0792,224,2018-06-09,
T095,C0206,484,2018-05-01,
T056,C0293,655,2018-05-11,
T006,C0920,1400,2018-03-20,
T056,C0148,1524,2018-06-15,
T005,C0686,1122,2018-03-08,
T015,C0680,782,2018-06-06,
T079,C0303,1879,2018-05-14,
T045,C0618,690,2018-04-06,
T075,C0738,1712,2018-03-09,
T091,C0845,996,2018-06-10,
T095,C0790,1865,2018-04-04,
T070,C0968,1008,2018-02-10,
T079,C0252,1632,2018-01-13,
T007,C0718,1494,2018-03-01,
T079,C0602,526,2018-03-24,
T086,C0302,696,2018-03-14,
T098,C0094,221,2018-06-10,
T067,C0756,331,2018-05-05,
T084,C0817,211,2018-05-26,
T024,C0711,1777,2018-01-13,
T059,C0545,1872,2018-01-08,
T044,C0447,1845,2018-05-22,
T099,C0592,1776,2018-04-12,
T051,C0950,1908,2018-06-23,
T061,C0410,539,2018-03-08,
T051,C0180,259,2018-02-21,
T072,C0124,1001,2018-06-05,
T087,C0007,933,2018-03-28,
T055,C0192,1719,2018-02-03,
T073,C0238,507,2018-01-23,
T094,C0422,333,2018-01-25,
T033,C0042,918,2018-06-24,
T002,C0784,259,2018-03-14,
T099,C0904,1364,2018-02-09,
T004,C0657,656,2018-02-18,
T061,C0898,513,2018-04-16,
T030,C0931,651,2018-02-11,
T020,C0209,1976,2018-01-19,
T070,C0014,492,2018-04-25,
T060,C0934,358,2018-04-01,
T092,C0864,530,2018-01-03,
T026,C0305,341,2018-02-24,
T070,C0220,1896,2018-02-18,
T036,C0531,1475,2018-02-11,
